<?xml version="1.0" encoding="UTF-8"?>
<kcfg xmlns="http://www.kde.org/standards/kcfg/1.0"
      xmlns:xsi="http://www.w3.org/2001/XMLSchema-instance"
      xsi:schemaLocation="http://www.kde.org/standards/kcfg/1.0
      http://www.kde.org/standards/kcfg/1.0/kcfg.xsd" >
    <kcfgfile name=""/>

    <group name="General">
        <entry name="autostart" type="Bool">
            <default>true</default>
        </entry>
        <entry name="smoothTransitions" type="Bool">
            <default>false</default>
        </entry>
        <entry name="manualTemperatureStep" type="Int">
            <default>125</default>
        </entry>
    </group>
    
    <group name="Advanced">
        <entry name="geoclueLocationEnabled" type="Bool">
            <default>false</default>
        </entry>
        <entry name="latitude" type="Double">
            <default>50.0</default>
        </entry>
        <entry name="longitude" type="Double">
            <default>7.0</default>
        </entry>
        
        <entry name="dayTemperature" type="Int">
            <default>6500</default>
        </entry>
        <entry name="nightTemperature" type="Int">
            <default>4000</default>
        </entry>
        
        <entry name="dayBrightness" type="Double">
            <default>1</default>
        </entry>
        <entry name="nightBrightness" type="Double">
            <default>1</default>
        </entry>
        
        <entry name="gammaR" type="Double">
            <default>1</default>
        </entry>
        <entry name="gammaG" type="Double">
            <default>1</default>
        </entry>
        <entry name="gammaB" type="Double">
            <default>1</default>
        </entry>
        
        <entry name="renderMode" type="String">
            <default></default>
        </entry>
        <entry name="renderModeScreen" type="String">
            <default></default>
        </entry>
        <entry name="renderModeCard" type="String">
            <default></default>
        </entry>
        <entry name="renderModeCrtc" type="String">
            <default></default>
        </entry>
        <entry name="preserveScreenColour" type="Bool">
            <default>false</default>
        </entry>
        <entry name="renderModeString" type="String">
            <default></default>
        </entry>
    </group>
    
</kcfg>